Workbook

Sheet Final Processed Data
A1: Participant | B1: SR Compatible | F1: SR Incompatible
B2: Avg. Congruent RT | C2: Avg. Incongruent RT | D2: Congruent Accuracy | E2: Incongruent Accuracy | F2: Avg. Congruent RT | G2: Avg. Incongruent RT | H2: Congruent Accuracy | I2: Incongruent Accuracy
A3: P1 | B3: =P1_SRC!J4 -> 0.92904258 | C3: =P1_SRC!J7 -> 0.78824913 | D3: =P1_SRC!J16 -> 98.333333 | E3: =100 -> 100 | F3: =P1_SRI!J4 -> 1.237847 | G3: =P1_SRI!J7 -> 1.0268823 | H3: =P1_SRI!J19 -> 96.666667 | I3: =P1_SRI!J22 -> 93.333333
A4: P2 | B4: =P2_SRC!J2 -> 0.74055502 | C4: =P2_SRC!J5 -> 0.74892215 | D4: =P2_SRC!J14 -> 100 | E4: =P2_SRC!J17 -> 98.333333 | F4: =P2_SRI!J4 -> 0.93550841 | G4: =P2_SRI!J7 -> 0.83963455 | H4: =P2_SRI!J19 -> 93.333333 | I4: =P2_SRI!J22 -> 93.333333
A5: P3 | B5: =P3_SRC!J3 -> 0.54623321 | C5: =P3_SRC!J6 -> 0.68145348 | D5: =P3_SRC!J15 -> 96.666667 | E5: =P3_SRC!J18 -> 88.333333 | F5: =P3_SRI!J3 -> 1.0238749 | G5: =P3_SRI!J6 -> 1.023589 | H5: =P3_SRI!J17 -> 95 | I5: =P3_SRI!J20 -> 90
A6: P4 | B6: =P4_SRC!J3 -> 0.57895412 | C6: =P4_SRC!J6 -> 0.66795413 | D6: =P4_SRC!J15 -> 96.666667 | E6: =P4_SRC!J18 -> 91.666667 | F6: =P4_SR1!J3 -> 0.79739296 | G6: =P4_SR1!J6 -> 1.6169742 | H6: =P4_SR1!J17 -> 91.666667 | I6: =P4_SR1!J20 -> 85
A7: P5 | B7: =P5_SRC!J3 -> 0.61152591 | C7: =P5_SRC!J6 -> 0.58654508 | D7: =P5_SRC!J15 -> 96.666667 | E7: =P5_SRC!J20 -> 93.333333 | F7: =P5_SRI!J3 -> 0.86615819 | G7: =P5_SRI!J6 -> 0.91222447 | H7: =P5_SRI!J17 -> 88.333333 | I7: =P5_SRI!J20 -> 91.666667

Sheet P1_SRC
A1: Stimuli 1 | B1: Stimuli 2 | C1: ss_compat | D1: sr_compat | E1: key_resp_2.corr | F1: key_resp_2.rt
A2: m | B2: m | C2: C | D2: C | E2: 1 | F2: 2.054053
A3: m | B3: m | C3: C | D3: C | E3: 1 | F3: 0.553767 | J3: RT | K3: No. of inaccurate
A4: m | B4: m | C4: C | D4: C | E4: 1 | F4: 0.649015 | H4: All congruent | J4: =average(F2:F31,F62:F90) -> 0.92904258
A5: m | B5: m | C5: C | D5: C | E5: 1 | F5: 0.561958 | H5: M congruent | J5: =average(F2:F31) -> 0.79575257
A6: m | B6: m | C6: C | D6: C | E6: 1 | F6: 0.875558 | H6: F congruent | J6: =average(F92:F120) -> 0.83097355 | K6: 1
A7: m | B7: m | C7: C | D7: C | E7: 1 | F7: 0.491186 | H7: All incongruent | J7: =average(F32:F61,F91:F190) -> 0.78824913
A8: m | B8: m | C8: C | D8: C | E8: 1 | F8: 0.906562 | H8: M+F incongruent | J8: =average(F32:F61) -> 0.76020377
A9: m | B9: m | C9: C | D9: C | E9: 1 | F9: 0.461021 | H9: F+M incongruent | J9: =average(F62:F91) -> 1.0443846
A10: m | B10: m | C10: C | D10: C | E10: 1 | F10: 0.493506
A11: m | B11: m | C11: C | D11: C | E11: 1 | F11: 0.541397 | I11: M Target | J11: F Target
A12: m | B12: m | C12: C | D12: C | E12: 1 | F12: 0.545587 | H12: M Prime | I12: =J5 -> 0.79575257 | J12: =J8 -> 0.76020377
A13: m | B13: m | C13: C | D13: C | E13: 1 | F13: 0.459827 | H13: F Prime | I13: =J9 -> 1.0443846 | J13: =J6 -> 0.83097355
A14: m | B14: m | C14: C | D14: C | E14: 1 | F14: 0.455155
A15: m | B15: m | C15: C | D15: C | E15: 1 | F15: 0.551462 | H15: Accuracy
A16: m | B16: m | C16: C | D16: C | E16: 1 | F16: 0.542719 | H16: All congruent | J16: =59/60*100 -> 98.333333
A17: m | B17: m | C17: C | D17: C | E17: 1 | F17: 0.568391 | H17: M congruent | J17: =30/30*100 -> 100
A18: m | B18: m | C18: C | D18: C | E18: 1 | F18: 0.466417 | H18: F congruent | J18: =29/30*100 -> 96.666667
A19: m | B19: m | C19: C | D19: C | E19: 1 | F19: 0.714396 | H19: All incongruent | J19: =100 -> 100
A20: m | B20: m | C20: C | D20: C | E20: 1 | F20: 1.066073 | H20: M+F incongruent | J20: 100
A21: m | B21: m | C21: C | D21: C | E21: 1 | F21: 0.5989 | H21: F+M incongruent | J21: 100
A22: m | B22: m | C22: C | D22: C | E22: 1 | F22: 0.477536
A23: m | B23: m | C23: C | D23: C | E23: 1 | F23: 0.435989
A24: m | B24: m | C24: C | D24: C | E24: 1 | F24: 0.580045
A25: m | B25: m | C25: C | D25: C | E25: 1 | F25: 1.190855
A26: m | B26: m | C26: C | D26: C | E26: 1 | F26: 0.54346
A27: m | B27: m | C27: C | D27: C | E27: 1 | F27: 3.893533
A28: m | B28: m | C28: C | D28: C | E28: 1 | F28: 1.085663
A29: m | B29: m | C29: C | D29: C | E29: 1 | F29: 0.68854
A30: m | B30: m | C30: C | D30: C | E30: 1 | F30: 0.539683
A31: m | B31: m | C31: C | D31: C | E31: 1 | F31: 0.880323
A32: m | B32: n | C32: I | D32: C | E32: 1 | F32: 0.576383
A33: m | B33: n | C33: I | D33: C | E33: 1 | F33: 0.569501
... A120: n | B120: n | C120: C | D120: C | E120: 1 | F120: 0.413797

Sheet P1_SRI
A1: Stimuli 1 | B1: Stimuli 2 | C1: ss_compat | D1: sr_compat | E1: key_resp_2.corr | F1: key_resp_2.rt
A2: m | B2: m | C2: I | D2: I | E2: 1 | F2: 1.017464
A3: m | B3: m | C3: I | D3: I | E3: 1 | F3: 0.83666 | J3: Reaction time | K3: No. of inaccurate | L3: No. of accurate
A4: m | B4: m | C4: I | D4: I | E4: 1 | F4: 0.976345 | H4: All congruent | J4: =average(J5:J6) -> 1.237847 | K4: 2 | L4: =60-K4 -> 58
A5: m | B5: m | C5: I | D5: I | E5: 1 | F5: 1.269244 | H5: M congruent | J5: =average(F58:F86) -> 1.4860565 | K5: 1 | L5: =30-K5 -> 29
A6: m | B6: m | C6: I | D6: I | E6: 1 | F6: 0.659921 | H6: F congruent | J6: =average(F29:F57) -> 0.98963745 | K6: 1 | L6: =30-K6 -> 29
A7: m | B7: m | C7: I | D7: I | E7: 1 | F7: 0.871444 | H7: All incongruent | J7: =average(J8:J9) -> 1.0268823 | K7: 4 | L7: =60-K7 -> 56
A8: m | B8: m | C8: I | D8: I | E8: 1 | F8: 0.825147 | H8: M+F incongruent | J8: =average(F87:F115) -> 1.0559273 | K8: 1 | L8: =30-K8 -> 29
A9: m | B9: m | C9: I | D9: I | E9: 1 | F9: 2.048695 | H9: F+M incongruent | J9: =average(F31:F57) -> 0.99783733 | K9: 3 | L9: =30-K9 -> 27
A10: m | B10: m | C10: I | D10: I | E10: 1 | F10: 0.748036
A11: m | B11: m | C11: I | D11: I | E11: 1 | F11: 0.680824 | H11: Stimuli 1 | I11: n = male | J11: m = female
A12: m | B12: m | C12: I | D12: I | E12: 1 | F12: 0.86877 | H12: Stimuli 2 | I12: n = female | J12: m = male
A13: m | B13: m | C13: I | D13: I | E13: 1 | F13: 0.563092
A14: m | B14: m | C14: I | D14: I | E14: 1 | F14: 0.650315 | I14: M Target | J14: F Target
A15: m | B15: m | C15: I | D15: I | E15: 1 | F15: 0.571667 | H15: M Prime | I15: =J5 -> 1.4860565 | J15: =J8 -> 1.0559273
A16: m | B16: m | C16: I | D16: I | E16: 1 | F16: 4.716851 | H16: F Prime | I16: =J9 -> 0.99783733 | J16: =J6 -> 0.98963745
A17: m | B17: m | C17: I | D17: I | E17: 1 | F17: 1.909887
A18: m | B18: m | C18: I | D18: I | E18: 1 | F18: 0.664606 | H18: Accuracy
A19: m | B19: m | C19: I | D19: I | E19: 1 | F19: 1.477286 | H19: All congruent | J19: =58/60*100 -> 96.666667
A20: m | B20: m | C20: I | D20: I | E20: 1 | F20: 0.895261 | H20: M congruent | J20: =29/30*100 -> 96.666667
A21: m | B21: m | C21: I | D21: I | E21: 1 | F21: 0.724004 | H21: F congruent | J21: =29/30*100 -> 96.666667
A22: m | B22: m | C22: I | D22: I | E22: 1 | F22: 0.782305 | H22: All incongruent | J22: =56/60*100 -> 93.333333
A23: m | B23: m | C23: I | D23: I | E23: 1 | F23: 1.665047 | H23: M+F incongruent | J23: =29/30*100 -> 96.666667
A24: m | B24: m | C24: I | D24: I | E24: 1 | F24: 1.346773 | H24: F+M incongruent | J24: =27/30*100 -> 90
A25: m | B25: m | C25: I | D25: I | E25: 1 | F25: 0.787122
A26: m | B26: m | C26: I | D26: I | E26: 1 | F26: 1.313286
A27: m | B27: m | C27: I | D27: I | E27: 1 | F27: 1.444168
A28: m | B28: m | C28: I | D28: I | E28: 1 | F28: 3.938564
A29: m | B29: n | C29: C | D29: I | E29: 1 | F29: 0.770997
A30: m | B30: n | C30: C | D30: I | E30: 1 | F30: 0.986881
A31: m | B31: n | C31: C | D31: I | E31: 1 | F31: 0.843222
A32: m | B32: n | C32: C | D32: I | E32: 1 | F32: 1.872995
A33: m | B33: n | C33: C | D33: I | E33: 1 | F33: 0.606895
A34: m | B34: n | C34: C | D34: I | E34: 1 | F34: 0.577077
A35: m | B35: n | C35: C | D35: I | E35: 1 | F35: 0.530517
A36: m | B36: n | C36: C | D36: I | E36: 1 | F36: 0.729018
... A115: n | B115: n | C115: I | D115: I | E115: 1 | F115: 0.985788

Sheet P2_SRC
A1: Stimuli 1 | B1: Stimuli 2 | C1: ss_compat | D1: sr_compat | E1: key_resp_2.corr | F1: key_resp_2.rt | J1: RT | K1: No. of inaccurate
A2: m | B2: m | C2: C | D2: C | E2: 1 | F2: 0.456999 | H2: All congruent | J2: =average(J3:J4) -> 0.74055502
A3: m | B3: m | C3: C | D3: C | E3: 1 | F3: 0.614896 | H3: M congruent | J3: =average(F2:F31) -> 0.7291248
A4: m | B4: m | C4: C | D4: C | E4: 1 | F4: 0.417294 | H4: F congruent | J4: =average(F91:F120) -> 0.75198523
A5: m | B5: m | C5: C | D5: C | E5: 1 | F5: 1.903615 | H5: All incongruent | J5: =average(J6:J7) -> 0.74892215 | K5: 1
A6: m | B6: m | C6: C | D6: C | E6: 1 | F6: 0.674356 | H6: M+F incongruent | J6: =average(F32:F60) -> 0.78446193 | K6: 1
A7: m | B7: m | C7: C | D7: C | E7: 1 | F7: 0.430649 | H7: F+M incongruent | J7: =average(F61:F90) -> 0.71338237
A8: m | B8: m | C8: C | D8: C | E8: 1 | F8: 0.50237
A9: m | B9: m | C9: C | D9: C | E9: 1 | F9: 0.578669 | I9: M Target | J9: F Target
A10: m | B10: m | C10: C | D10: C | E10: 1 | F10: 0.57008 | H10: M Prime | I10: =J3 -> 0.7291248 | J10: =J6 -> 0.78446193
A11: m | B11: m | C11: C | D11: C | E11: 1 | F11: 0.487656 | H11: F Prime | I11: =J7 -> 0.71338237 | J11: =J4 -> 0.75198523
A12: m | B12: m | C12: C | D12: C | E12: 1 | F12: 0.526808
A13: m | B13: m | C13: C | D13: C | E13: 1 | F13: 0.556293 | H13: Accuracy
A14: m | B14: m | C14: C | D14: C | E14: 1 | F14: 0.637479 | H14: All congruent | J14: =60/60*100 -> 100
A15: m | B15: m | C15: C | D15: C | E15: 1 | F15: 0.543495 | H15: M congruent | J15: =30/30*100 -> 100
A16: m | B16: m | C16: C | D16: C | E16: 1 | F16: 0.469096 | H16: F congruent | J16: 100
A17: m | B17: m | C17: C | D17: C | E17: 1 | F17: 0.474569 | H17: All incongruent | J17: =59/60*100 -> 98.333333
A18: m | B18: m | C18: C | D18: C | E18: 1 | F18: 0.459148 | H18: M+F incongruent | J18: =29/30*100 -> 96.666667
A19: m | B19: m | C19: C | D19: C | E19: 1 | F19: 0.648673 | H19: F+M incongruent | J19: 100
A20: m | B20: m | C20: C | D20: C | E20: 1 | F20: 0.601327
A21: m | B21: m | C21: C | D21: C | E21: 1 | F21: 0.424805
A22: m | B22: m | C22: C | D22: C | E22: 1 | F22: 0.552909
A23: m | B23: m | C23: C | D23: C | E23: 1 | F23: 1.190679
A24: m | B24: m | C24: C | D24: C | E24: 1 | F24: 0.444927
A25: m | B25: m | C25: C | D25: C | E25: 1 | F25: 3.033356
A26: m | B26: m | C26: C | D26: C | E26: 1 | F26: 0.505769
A27: m | B27: m | C27: C | D27: C | E27: 1 | F27: 1.681749
A28: m | B28: m | C28: C | D28: C | E28: 1 | F28: 0.747003
A29: m | B29: m | C29: C | D29: C | E29: 1 | F29: 0.530387
A30: m | B30: m | C30: C | D30: C | E30: 1 | F30: 0.511925
A31: m | B31: m | C31: C | D31: C | E31: 1 | F31: 0.696763
... A120: n | B120: n | C120: C | D120: C | E120: 1 | F120: 0.558013

Sheet P2_SRI
A1: Stimuli 1 | B1: Stimuli 2 | C1: ss_compat | D1: sr_compat | E1: key_resp_2.corr | F1: key_resp_2.rt
A2: m | B2: m | C2: I | D2: I | E2: 1 | F2: 0.625686
A3: m | B3: m | C3: I | D3: I | E3: 1 | F3: 1.599163 | J3: Reaction time | K3: No. of inaccurate | L3: No. of accurate
A4: m | B4: m | C4: I | D4: I | E4: 1 | F4: 0.576291 | H4: All congruent | J4: =average(J5:J6) -> 0.93550841 | K4: 4 | L4: =60-K4 -> 56
A5: m | B5: m | C5: I | D5: I | E5: 1 | F5: 1.009131 | H5: M congruent | J5: =average(F56:F83) -> 0.96786432 | K5: 2 | L5: =30-K5 -> 28
A6: m | B6: m | C6: I | D6: I | E6: 1 | F6: 0.566169 | H6: F congruent | J6: =average(F28:F55) -> 0.9031525 | K6: 2 | L6: =30-K6 -> 28
A7: m | B7: m | C7: I | D7: I | E7: 1 | F7: 0.545064 | H7: All incongruent | J7: =average(J8:J9) -> 0.83963455 | K7: 4 | L7: =60-K7 -> 56
A8: m | B8: m | C8: I | D8: I | E8: 1 | F8: 0.438073 | H8: M+F incongruent | J8: =average(F84:F113) -> 0.89324507 | K8: 0 | L8: =30-K8 -> 30
A9: m | B9: m | C9: I | D9: I | E9: 1 | F9: 0.486082 | H9: F+M incongruent | J9: =average(F2:F27) -> 0.78602404 | K9: 4 | L9: =30-K9 -> 26
A10: m | B10: m | C10: I | D10: I | E10: 1 | F10: 0.571664
A11: m | B11: m | C11: I | D11: I | E11: 1 | F11: 0.522746 | H11: Stimuli 1 | I11: n = male | J11: m = female
A12: m | B12: m | C12: I | D12: I | E12: 1 | F12: 1.096863 | H12: Stimuli 2 | I12: n = female | J12: m = male
A13: m | B13: m | C13: I | D13: I | E13: 1 | F13: 1.695743
A14: m | B14: m | C14: I | D14: I | E14: 1 | F14: 0.450334 | I14: M Target | J14: F Target
A15: m | B15: m | C15: I | D15: I | E15: 1 | F15: 0.40893 | H15: M Prime | I15: =J5 -> 0.96786432 | J15: =J8 -> 0.89324507
A16: m | B16: m | C16: I | D16: I | E16: 1 | F16: 1.165132 | H16: F Prime | I16: =J9 -> 0.78602404 | J16: =J6 -> 0.9031525
A17: m | B17: m | C17: I | D17: I | E17: 1 | F17: 0.587465
A18: m | B18: m | C18: I | D18: I | E18: 1 | F18: 0.583905 | H18: Accuracy
A19: m | B19: m | C19: I | D19: I | E19: 1 | F19: 0.702266 | H19: All congruent | J19: =L4/60*100 -> 93.333333
A20: m | B20: m | C20: I | D20: I | E20: 1 | F20: 0.561177 | H20: M congruent | J20: =L5/30*100 -> 93.333333
A21: m | B21: m | C21: I | D21: I | E21: 1 | F21: 2.432994 | H21: F congruent | J21: =L6/30*100 -> 93.333333
A22: m | B22: m | C22: I | D22: I | E22: 1 | F22: 0.568571 | H22: All incongruent | J22: =L7/60*100 -> 93.333333
A23: m | B23: m | C23: I | D23: I | E23: 1 | F23: 0.714124 | H23: M+F incongruent | J23: =L8/30*100 -> 100
A24: m | B24: m | C24: I | D24: I | E24: 1 | F24: 0.709452 | H24: F+M incongruent | J24: =L9/30*100 -> 86.666667
A25: m | B25: m | C25: I | D25: I | E25: 1 | F25: 0.711871
A26: m | B26: m | C26: I | D26: I | E26: 1 | F26: 0.615941
A27: m | B27: m | C27: I | D27: I | E27: 1 | F27: 0.491788
A28: m | B28: n | C28: C | D28: I | E28: 1 | F28: 0.769475
A29: m | B29: n | C29: C | D29: I | E29: 1 | F29: 0.5164
A30: m | B30: n | C30: C | D30: I | E30: 1 | F30: 0.506639
A31: m | B31: n | C31: C | D31: I | E31: 1 | F31: 0.573782
A32: m | B32: n | C32: C | D32: I | E32: 1 | F32: 0.575467
A33: m | B33: n | C33: C | D33: I | E33: 1 | F33: 0.527924
A34: m | B34: n | C34: C | D34: I | E34: 1 | F34: 0.61896
A35: m | B35: n | C35: C | D35: I | E35: 1 | F35: 0.986264
A36: m | B36: n | C36: C | D36: I | E36: 1 | F36: 1.75187
... A113: n | B113: n | C113: I | D113: I | E113: 1 | F113: 0.524917

Sheet P3_SRC
A1: Stimuli 1 | B1: Stimuli 2 | C1: ss_compat | D1: sr_compat | E1: key_resp_2.corr | F1: key_resp_2.rt
A2: m | B2: m | C2: C | D2: C | E2: 1 | F2: 0.382237 | J2: RT | K2: No. of inaccurate | L2: No. of accurate
A3: m | B3: m | C3: C | D3: C | E3: 1 | F3: 0.386144 | H3: All congruent | J3: =average(J4:J5) -> 0.54623321 | K3: 2 | L3: =60-K3 -> 58
A4: m | B4: m | C4: C | D4: C | E4: 1 | F4: 0.448062 | H4: M congruent | J4: =average(F2:F31) -> 0.5541571 | K4: 0 | L4: =30-K4 -> 30
A5: m | B5: m | C5: C | D5: C | E5: 1 | F5: 0.416342 | H5: F congruent | J5: =average(F86:F113) -> 0.53830932 | K5: 2 | L5: =30-K5 -> 28
A6: m | B6: m | C6: C | D6: C | E6: 1 | F6: 0.646202 | H6: All incongruent | J6: =average(J7:J8) -> 0.68145348 | K6: 7 | L6: =60-K6 -> 53
A7: m | B7: m | C7: C | D7: C | E7: 1 | F7: 0.44722 | H7: M+F incongruent | J7: =average(F32:F56) -> 0.65778236 | K7: 5 | L7: =30-K7 -> 25
A8: m | B8: m | C8: C | D8: C | E8: 1 | F8: 0.50772 | H8: F+M incongruent | J8: =average(F56:F85) -> 0.7051246 | K8: 0 | L8: =30-K8 -> 30
A9: m | B9: m | C9: C | D9: C | E9: 1 | F9: 2.020167
A10: m | B10: m | C10: C | D10: C | E10: 1 | F10: 0.432119 | I10: M Target | J10: F Target
A11: m | B11: m | C11: C | D11: C | E11: 1 | F11: 0.493499 | H11: M Prime | I11: =J4 -> 0.5541571 | J11: =J7 -> 0.65778236
A12: m | B12: m | C12: C | D12: C | E12: 1 | F12: 0.512422 | H12: F Prime | I12: =J8 -> 0.7051246 | J12: =J5 -> 0.53830932
A13: m | B13: m | C13: C | D13: C | E13: 1 | F13: 0.38407
A14: m | B14: m | C14: C | D14: C | E14: 1 | F14: 0.503816 | H14: Accuracy
A15: m | B15: m | C15: C | D15: C | E15: 1 | F15: 0.649003 | H15: All congruent | J15: =L3/60*100 -> 96.666667
A16: m | B16: m | C16: C | D16: C | E16: 1 | F16: 0.447364 | H16: M congruent | J16: =L4/30*100 -> 100
A17: m | B17: m | C17: C | D17: C | E17: 1 | F17: 0.442108 | H17: F congruent | J17: =L5/30*100 -> 93.333333
A18: m | B18: m | C18: C | D18: C | E18: 1 | F18: 0.500501 | H18: All incongruent | J18: =L6/60*100 -> 88.333333
A19: m | B19: m | C19: C | D19: C | E19: 1 | F19: 0.570403 | H19: M+F incongruent | J19: =L7/30*100 -> 83.333333
A20: m | B20: m | C20: C | D20: C | E20: 1 | F20: 0.554334 | H20: F+M incongruent | J20: =L8/30*100 -> 100
A21: m | B21: m | C21: C | D21: C | E21: 1 | F21: 0.313605
A22: m | B22: m | C22: C | D22: C | E22: 1 | F22: 0.393301
A23: m | B23: m | C23: C | D23: C | E23: 1 | F23: 0.656871
A24: m | B24: m | C24: C | D24: C | E24: 1 | F24: 0.712422
A25: m | B25: m | C25: C | D25: C | E25: 1 | F25: 0.561284
A26: m | B26: m | C26: C | D26: C | E26: 1 | F26: 0.527736
A27: m | B27: m | C27: C | D27: C | E27: 1 | F27: 0.599411
A28: m | B28: m | C28: C | D28: C | E28: 1 | F28: 0.411849
A29: m | B29: m | C29: C | D29: C | E29: 1 | F29: 0.62384
A30: m | B30: m | C30: C | D30: C | E30: 1 | F30: 0.619859
A31: m | B31: m | C31: C | D31: C | E31: 1 | F31: 0.460802
A32: m | B32: n | C32: I | D32: C | E32: 1 | F32: 0.44709
... A113: n | B113: n | C113: C | D113: C | E113: 1 | F113: 0.875044

Sheet P3_SRI
A1: Stimuli 1 | B1: Stimuli 2 | C1: ss_compat | D1: sr_compat | E1: key_resp_2.corr | F1: key_resp_2.rt
A2: m | B2: m | C2: I | D2: I | E2: 1 | F2: 2.766428 | J2: Reaction time | K2: No. of inaccurate | L2: No. of accurate
A3: m | B3: m | C3: I | D3: I | E3: 1 | F3: 0.616744 | H3: All congruent | J3: =average(J4:J5) -> 1.0238749 | K3: 3 | L3: =60-K3 -> 57
A4: m | B4: m | C4: I | D4: I | E4: 1 | F4: 2.410946 | H4: M congruent | J4: =average(F59:F86) -> 0.76387104 | K4: 2 | L4: =30-K4 -> 28
A5: m | B5: m | C5: I | D5: I | E5: 1 | F5: 0.568767 | H5: F congruent | J5: =average(F30:F58) -> 1.2838788 | K5: 1 | L5: =30-K5 -> 29
A6: m | B6: m | C6: I | D6: I | E6: 1 | F6: 1.14236 | H6: All incongruent | J6: =average(J7:J8) -> 1.023589 | K6: 6 | L6: =60-K6 -> 54
A7: m | B7: m | C7: I | D7: I | E7: 1 | F7: 0.522401 | H7: M+F incongruent | J7: =average(F87:F112) -> 1.080472 | K7: 4 | L7: =30-K7 -> 26
A8: m | B8: m | C8: I | D8: I | E8: 1 | F8: 0.575661 | H8: F+M incongruent | J8: =average(F2:F29) -> 0.96670596 | K8: 2 | L8: =30-K8 -> 28
A9: m | B9: m | C9: I | D9: I | E9: 1 | F9: 0.827745
A10: m | B10: m | C10: I | D10: I | E10: 1 | F10: 0.663626 | H10: Stimuli 1 | I10: n = male | J10: m = female
A11: m | B11: m | C11: I | D11: I | E11: 1 | F11: 0.405322 | H11: Stimuli 2 | I11: n = female | J11: m = male
A12: m | B12: m | C12: I | D12: I | E12: 1 | F12: 0.53912
A13: m | B13: m | C13: I | D13: I | E13: 1 | F13: 0.552242 | I13: M Target | J13: F Target
A14: m | B14: m | C14: I | D14: I | E14: 1 | F14: 0.507668 | H14: M Prime | I14: =J4 -> 0.76387104 | J14: =J7 -> 1.080472
A15: m | B15: m | C15: I | D15: I | E15: 1 | F15: 1.643612 | H15: F Prime | I15: =J8 -> 0.96670596 | J15: =J5 -> 1.2838788
A16: m | B16: m | C16: I | D16: I | E16: 1 | F16: 4.474898 | H16: Accuracy
A17: m | B17: m | C17: I | D17: I | E17: 1 | F17: 0.671213 | H17: All congruent | J17: =L3/60*100 -> 95
A18: m | B18: m | C18: I | D18: I | E18: 1 | F18: 0.72947 | H18: M congruent | J18: =L4/30*100 -> 93.333333
A19: m | B19: m | C19: I | D19: I | E19: 1 | F19: 0.799157 | H19: F congruent | J19: =L5/30*100 -> 96.666667
A20: m | B20: m | C20: I | D20: I | E20: 1 | F20: 0.468757 | H20: All incongruent | J20: =L6/60*100 -> 90
A21: m | B21: m | C21: I | D21: I | E21: 1 | F21: 0.432531 | H21: M+F incongruent | J21: =L7/30*100 -> 86.666667
A22: m | B22: m | C22: I | D22: I | E22: 1 | F22: 1.104013 | H22: F+M incongruent | J22: =L8/30*100 -> 93.333333
A23: m | B23: m | C23: I | D23: I | E23: 1 | F23: 0.446899
A24: m | B24: m | C24: I | D24: I | E24: 1 | F24: 0.468216
A25: m | B25: m | C25: I | D25: I | E25: 1 | F25: 1.28385
A26: m | B26: m | C26: I | D26: I | E26: 1 | F26: 0.514567
A27: m | B27: m | C27: I | D27: I | E27: 1 | F27: 0.633115
A28: m | B28: m | C28: I | D28: I | E28: 1 | F28: 0.748904
A29: m | B29: m | C29: I | D29: I | E29: 1 | F29: 0.549535
A30: m | B30: n | C30: C | D30: I | E30: 1 | F30: 0.852216
A31: m | B31: n | C31: C | D31: I | E31: 1 | F31: 2.105129
A32: m | B32: n | C32: C | D32: I | E32: 1 | F32: 3.709949
A33: m | B33: n | C33: C | D33: I | E33: 1 | F33: 0.471093
A34: m | B34: n | C34: C | D34: I | E34: 1 | F34: 0.861589
... A112: n | B112: n | C112: I | D112: I | E112: 1 | F112: 0.543786

Sheet P4_SRC
A1: Stimuli 1 | B1: Stimuli 2 | C1: ss_compat | D1: sr_compat | E1: key_resp_2.corr | F1: key_resp_2.rt
A2: m | B2: m | C2: C | D2: C | E2: 1 | F2: 0.871661 | J2: RT | K2: No. of inaccurate | L2: No. of accurate
A3: m | B3: m | C3: C | D3: C | E3: 1 | F3: 0.550453 | H3: All congruent | J3: =average(J4:J5) -> 0.57895412 | K3: 2 | L3: =60-K3 -> 58
A4: m | B4: m | C4: C | D4: C | E4: 1 | F4: 0.522249 | H4: M congruent | J4: =average(F2:F30) -> 0.62936372 | K4: 1 | L4: =30-K4 -> 29
A5: m | B5: m | C5: C | D5: C | E5: 1 | F5: 0.362992 | H5: F congruent | J5: =average(F86:F114) -> 0.52854452 | K5: 1 | L5: =30-K5 -> 29
A6: m | B6: m | C6: C | D6: C | E6: 1 | F6: 0.934074 | H6: All incongruent | J6: =average(J7:J8) -> 0.66795413 | K6: 5 | L6: =60-K6 -> 55
A7: m | B7: m | C7: C | D7: C | E7: 1 | F7: 0.526326 | H7: M+F incongruent | J7: =average(F31:F60) -> 0.70306793 | K7: 0 | L7: =30-K7 -> 30
A8: m | B8: m | C8: C | D8: C | E8: 1 | F8: 0.375656 | H8: F+M incongruent | J8: =average(F61:F85) -> 0.63284032 | K8: 5 | L8: =30-K8 -> 25
A9: m | B9: m | C9: C | D9: C | E9: 1 | F9: 0.372095
A10: m | B10: m | C10: C | D10: C | E10: 1 | F10: 0.606005 | I10: M Target | J10: F Target
A11: m | B11: m | C11: C | D11: C | E11: 1 | F11: 0.549121 | H11: M Prime | I11: =J4 -> 0.62936372 | J11: =J7 -> 0.70306793
A12: m | B12: m | C12: C | D12: C | E12: 1 | F12: 0.505737 | H12: F Prime | I12: =J8 -> 0.63284032 | J12: =J5 -> 0.52854452
A13: m | B13: m | C13: C | D13: C | E13: 1 | F13: 0.531632
A14: m | B14: m | C14: C | D14: C | E14: 1 | F14: 0.5028 | H14: Accuracy
A15: m | B15: m | C15: C | D15: C | E15: 1 | F15: 0.447544 | H15: All congruent | J15: =L3/60*100 -> 96.666667
A16: m | B16: m | C16: C | D16: C | E16: 1 | F16: 0.498559 | H16: M congruent | J16: =L4/30*100 -> 96.666667
A17: m | B17: m | C17: C | D17: C | E17: 1 | F17: 0.577305 | H17: F congruent | J17: =L5/30*100 -> 96.666667
A18: m | B18: m | C18: C | D18: C | E18: 1 | F18: 0.416475 | H18: All incongruent | J18: =L6/60*100 -> 91.666667
A19: m | B19: m | C19: C | D19: C | E19: 1 | F19: 2.216411 | H19: M+F incongruent | J19: =L7/30*100 -> 100
A20: m | B20: m | C20: C | D20: C | E20: 1 | F20: 0.516118 | H20: F+M incongruent | J20: =L8/30*100 -> 83.333333
A21: m | B21: m | C21: C | D21: C | E21: 1 | F21: 0.55894
A22: m | B22: m | C22: C | D22: C | E22: 1 | F22: 0.622399
A23: m | B23: m | C23: C | D23: C | E23: 1 | F23: 0.572895
A24: m | B24: m | C24: C | D24: C | E24: 1 | F24: 0.484181
A25: m | B25: m | C25: C | D25: C | E25: 1 | F25: 0.580882
A26: m | B26: m | C26: C | D26: C | E26: 1 | F26: 0.717669
A27: m | B27: m | C27: C | D27: C | E27: 1 | F27: 1.332613
A28: m | B28: m | C28: C | D28: C | E28: 1 | F28: 0.542717
A29: m | B29: m | C29: C | D29: C | E29: 1 | F29: 0.45686
A30: m | B30: m | C30: C | D30: C | E30: 1 | F30: 0.499179
A31: m | B31: n | C31: I | D31: C | E31: 1 | F31: 0.548502
A32: m | B32: n | C32: I | D32: C | E32: 1 | F32: 0.462688
... A114: n | B114: n | C114: C | D114: C | E114: 1 | F114: 0.582341

Sheet P4_SR1
A1: Stimuli 1 | B1: Stimuli 2 | C1: ss_compat | D1: sr_compat | E1: key_resp_2.corr | F1: key_resp_2.rt
A2: m | B2: m | C2: I | D2: I | E2: 1 | F2: 0.654597 | J2: Reaction time | K2: No. of inaccurate | L2: No. of accurate
A3: m | B3: m | C3: I | D3: I | E3: 1 | F3: 0.602967 | H3: All congruent | J3: =average(J4:J5) -> 0.79739296 | K3: 5 | L3: =60-K3 -> 55
A4: m | B4: m | C4: I | D4: I | E4: 1 | F4: 0.494823 | H4: M congruent | J4: =average(F55:F80) -> 0.72711485 | K4: 4 | L4: =30-K4 -> 26
A5: m | B5: m | C5: I | D5: I | E5: 1 | F5: 1.099368 | H5: F congruent | J5: =average(F26:F54) -> 0.86767107 | K5: 1 | L5: =30-K5 -> 29
A6: m | B6: m | C6: I | D6: I | E6: 1 | F6: 0.665264 | H6: All incongruent | J6: =average(J7:J8) -> 1.6169742 | K6: 9 | L6: =60-K6 -> 51
A7: m | B7: m | C7: I | D7: I | E7: 1 | F7: 0.473568 | H7: M+F incongruent | J7: =average(F81:F107) -> 1.0270146 | K7: 3 | L7: =30-K7 -> 27
A8: m | B8: m | C8: I | D8: I | E8: 1 | F8: 0.665089 | H8: F+M incongruent | J8: =average(F2:F25) -> 2.2069338 | K8: 6 | L8: =30-K8 -> 24
A9: m | B9: m | C9: I | D9: I | E9: 1 | F9: 0.585775
A10: m | B10: m | C10: I | D10: I | E10: 1 | F10: 1.059755 | H10: Stimuli 1 | I10: n = male | J10: m = female
A11: m | B11: m | C11: I | D11: I | E11: 1 | F11: 1.168415 | H11: Stimuli 2 | I11: n = female | J11: m = male
A12: m | B12: m | C12: I | D12: I | E12: 1 | F12: 0.55153
A13: m | B13: m | C13: I | D13: I | E13: 1 | F13: 0.687443 | I13: M Target | J13: F Target
A14: m | B14: m | C14: I | D14: I | E14: 1 | F14: 0.840028 | H14: M Prime | I14: =J4 -> 0.72711485 | J14: =J7 -> 1.0270146
A15: m | B15: m | C15: I | D15: I | E15: 1 | F15: 0.444149 | H15: F Prime | I15: =J8 -> 2.2069338 | J15: =J5 -> 0.86767107
A16: m | B16: m | C16: I | D16: I | E16: 1 | F16: 13.47398 | H16: Accuracy
A17: m | B17: m | C17: I | D17: I | E17: 1 | F17: 0.835802 | H17: All congruent | J17: =L3/60*100 -> 91.666667
A18: m | B18: m | C18: I | D18: I | E18: 1 | F18: 0.514886 | H18: M congruent | J18: =L4/30*100 -> 86.666667
A19: m | B19: m | C19: I | D19: I | E19: 1 | F19: 0.562794 | H19: F congruent | J19: =L5/30*100 -> 96.666667
A20: m | B20: m | C20: I | D20: I | E20: 1 | F20: 0.582693 | H20: All incongruent | J20: =L6/60*100 -> 85
A21: m | B21: m | C21: I | D21: I | E21: 1 | F21: 0.982279 | H21: M+F incongruent | J21: =L7/30*100 -> 90
A22: m | B22: m | C22: I | D22: I | E22: 1 | F22: 10.0884 | H22: F+M incongruent | J22: =L8/30*100 -> 80
A23: m | B23: m | C23: I | D23: I | E23: 1 | F23: 2.364355
A24: m | B24: m | C24: I | D24: I | E24: 1 | F24: 3.407032
A25: m | B25: m | C25: I | D25: I | E25: 1 | F25: 10.16142
A26: m | B26: n | C26: C | D26: I | E26: 1 | F26: 0.645651
A27: m | B27: n | C27: C | D27: I | E27: 1 | F27: 0.576343
A28: m | B28: n | C28: C | D28: I | E28: 1 | F28: 0.510235
A29: m | B29: n | C29: C | D29: I | E29: 1 | F29: 0.469118
A30: m | B30: n | C30: C | D30: I | E30: 1 | F30: 0.509757
A31: m | B31: n | C31: C | D31: I | E31: 1 | F31: 0.818547
A32: m | B32: n | C32: C | D32: I | E32: 1 | F32: 0.620135
A33: m | B33: n | C33: C | D33: I | E33: 1 | F33: 0.506914
A34: m | B34: n | C34: C | D34: I | E34: 1 | F34: 0.464102
... A107: n | B107: n | C107: I | D107: I | E107: 1 | F107: 0.537467

Sheet P5_SRC
A1: Stimuli 1 | B1: Stimuli 2 | C1: ss_compat | D1: sr_compat | E1: key_resp_2.corr | F1: key_resp_2.rt
A2: m | B2: m | C2: C | D2: C | E2: 1 | F2: 0.53486 | J2: RT | K2: No. of inaccurate | L2: No. of accurate
A3: m | B3: m | C3: C | D3: C | E3: 1 | F3: 0.450964 | H3: All congruent | J3: =average(J4:J5) -> 0.61152591 | K3: 2 | L3: =60-K3 -> 58
A4: m | B4: m | C4: C | D4: C | E4: 1 | F4: 0.9452 | H4: M congruent | J4: =average(F2:F30) -> 0.65974086 | K4: 1 | L4: =30-K4 -> 29
A5: m | B5: m | C5: C | D5: C | E5: 1 | F5: 0.419563 | H5: F congruent | J5: =average(F86:F114) -> 0.56331097 | K5: 1 | L5: =30-K5 -> 29
A6: m | B6: m | C6: C | D6: C | E6: 1 | F6: 0.580676 | H6: All incongruent | J6: =average(J7:J8) -> 0.58654508 | K6: 5 | L6: =60-K6 -> 55
A7: m | B7: m | C7: C | D7: C | E7: 1 | F7: 0.94197 | H7: M+F incongruent | J7: =average(F31:F57) -> 0.59212833 | K7: 3 | L7: =30-K7 -> 27
A8: m | B8: m | C8: C | D8: C | E8: 1 | F8: 0.691976 | H8: F+M incongruent | J8: =average(F58:F85) -> 0.58096182 | K8: 2 | L8: =30-K8 -> 28
A9: m | B9: m | C9: C | D9: C | E9: 1 | F9: 0.492679
A10: m | B10: m | C10: C | D10: C | E10: 1 | F10: 0.611022 | I10: M Target | J10: F Target
A11: m | B11: m | C11: C | D11: C | E11: 1 | F11: 0.585274 | H11: M Prime | I11: =J4 -> 0.65974086 | J11: =J7 -> 0.59212833
A12: m | B12: m | C12: C | D12: C | E12: 1 | F12: 0.587559 | H12: F Prime | I12: =J8 -> 0.58096182 | J12: =J5 -> 0.56331097
A13: m | B13: m | C13: C | D13: C | E13: 1 | F13: 0.415182
A14: m | B14: m | C14: C | D14: C | E14: 1 | F14: 0.493539 | H14: Accuracy
A15: m | B15: m | C15: C | D15: C | E15: 1 | F15: 0.438563 | H15: All congruent | J15: =L3/60*100 -> 96.666667
A16: m | B16: m | C16: C | D16: C | E16: 1 | F16: 0.544489 | H16: M congruent | J16: =L4/30*100 -> 96.666667
A17: m | B17: m | C17: C | D17: C | E17: 1 | F17: 0.510878 | H17: F congruent | J17: =L5/30*100 -> 96.666667
A18: m | B18: m | C18: C | D18: C | E18: 1 | F18: 0.375487 | H18: All incongruent | J18: =L6/60*100 -> 91.666667
A19: m | B19: m | C19: C | D19: C | E19: 1 | F19: 0.459763 | H19: M+F incongruent | J19: =L7/30*100 -> 90
A20: m | B20: m | C20: C | D20: C | E20: 1 | F20: 0.476102 | H20: F+M incongruent | J20: =L8/30*100 -> 93.333333
A21: m | B21: m | C21: C | D21: C | E21: 1 | F21: 0.426885
A22: m | B22: m | C22: C | D22: C | E22: 1 | F22: 0.500984
A23: m | B23: m | C23: C | D23: C | E23: 1 | F23: 0.494695
A24: m | B24: m | C24: C | D24: C | E24: 1 | F24: 0.44451
A25: m | B25: m | C25: C | D25: C | E25: 1 | F25: 0.586095
A26: m | B26: m | C26: C | D26: C | E26: 1 | F26: 0.590556
A27: m | B27: m | C27: C | D27: C | E27: 1 | F27: 3.837535
A28: m | B28: m | C28: C | D28: C | E28: 1 | F28: 0.538095
A29: m | B29: m | C29: C | D29: C | E29: 1 | F29: 0.544855
A30: m | B30: m | C30: C | D30: C | E30: 1 | F30: 0.612529
A31: m | B31: n | C31: I | D31: C | E31: 1 | F31: 0.494548
A32: m | B32: n | C32: I | D32: C | E32: 1 | F32: 0.461863
... A114: n | B114: n | C114: C | D114: C | E114: 1 | F114: 0.526876

Sheet P5_SRI
A1: Stimuli 1 | B1: Stimuli 2 | C1: ss_compat | D1: sr_compat | E1: key_resp_2.corr | F1: key_resp_2.rt
A2: m | B2: m | C2: I | D2: I | E2: 1 | F2: 0.551023 | J2: Reaction time | K2: No. of inaccurate | L2: No. of accurate
A3: m | B3: m | C3: I | D3: I | E3: 1 | F3: 1.522246 | H3: All congruent | J3: =average(J4:J5) -> 0.86615819 | K3: 7 | L3: =60-K3 -> 53
A4: m | B4: m | C4: I | D4: I | E4: 1 | F4: 0.769726 | H4: M congruent | J4: =average(F55:F80) -> 0.99005227 | K4: 4 | L4: =30-K4 -> 26
A5: m | B5: m | C5: I | D5: I | E5: 1 | F5: 0.568019 | H5: F congruent | J5: =average(F28:F54) -> 0.74226411 | K5: 3 | L5: =30-K5 -> 27
A6: m | B6: m | C6: I | D6: I | E6: 1 | F6: 1.833241 | H6: All incongruent | J6: =average(J7:J8) -> 0.91222447 | K6: 5 | L6: =60-K6 -> 55
A7: m | B7: m | C7: I | D7: I | E7: 1 | F7: 0.586381 | H7: M+F incongruent | J7: =average(F81:F109) -> 0.91579217 | K7: 1 | L7: =30-K7 -> 29
A8: m | B8: m | C8: I | D8: I | E8: 1 | F8: 0.460322 | H8: F+M incongruent | J8: =average(F2:F27) -> 0.90865677 | K8: 4 | L8: =30-K8 -> 26
A9: m | B9: m | C9: I | D9: I | E9: 1 | F9: 1.239829
A10: m | B10: m | C10: I | D10: I | E10: 1 | F10: 0.812223 | H10: Stimuli 1 | I10: n = male | J10: m = female
A11: m | B11: m | C11: I | D11: I | E11: 1 | F11: 0.70438 | H11: Stimuli 2 | I11: n = female | J11: m = male
A12: m | B12: m | C12: I | D12: I | E12: 1 | F12: 0.825845
A13: m | B13: m | C13: I | D13: I | E13: 1 | F13: 0.637665 | I13: M Target | J13: F Target
A14: m | B14: m | C14: I | D14: I | E14: 1 | F14: 1.816624 | H14: M Prime | I14: =J4 -> 0.99005227 | J14: =J7 -> 0.91579217
A15: m | B15: m | C15: I | D15: I | E15: 1 | F15: 1.654674 | H15: F Prime | I15: =J8 -> 0.90865677 | J15: =J5 -> 0.74226411
A16: m | B16: m | C16: I | D16: I | E16: 1 | F16: 0.512232 | H16: Accuracy
A17: m | B17: m | C17: I | D17: I | E17: 1 | F17: 0.60543 | H17: All congruent | J17: =L3/60*100 -> 88.333333
A18: m | B18: m | C18: I | D18: I | E18: 1 | F18: 0.619352 | H18: M congruent | J18: =L4/30*100 -> 86.666667
A19: m | B19: m | C19: I | D19: I | E19: 1 | F19: 0.84009 | H19: F congruent | J19: =L5/30*100 -> 90
A20: m | B20: m | C20: I | D20: I | E20: 1 | F20: 0.514651 | H20: All incongruent | J20: =L6/60*100 -> 91.666667
A21: m | B21: m | C21: I | D21: I | E21: 1 | F21: 0.410726 | H21: M+F incongruent | J21: =L7/30*100 -> 96.666667
A22: m | B22: m | C22: I | D22: I | E22: 1 | F22: 0.60167 | H22: F+M incongruent | J22: =L8/30*100 -> 86.666667
A23: m | B23: m | C23: I | D23: I | E23: 1 | F23: 1.423596
A24: m | B24: m | C24: I | D24: I | E24: 1 | F24: 0.824671
A25: m | B25: m | C25: I | D25: I | E25: 1 | F25: 2.025629
A26: m | B26: m | C26: I | D26: I | E26: 1 | F26: 0.446029
A27: m | B27: m | C27: I | D27: I | E27: 1 | F27: 0.818802
A28: m | B28: n | C28: C | D28: I | E28: 1 | F28: 0.532812
A29: m | B29: n | C29: C | D29: I | E29: 1 | F29: 0.673464
A30: m | B30: n | C30: C | D30: I | E30: 1 | F30: 1.037989
A31: m | B31: n | C31: C | D31: I | E31: 1 | F31: 0.720687
A32: m | B32: n | C32: C | D32: I | E32: 1 | F32: 0.713024
A33: m | B33: n | C33: C | D33: I | E33: 1 | F33: 1.225907
A34: m | B34: n | C34: C | D34: I | E34: 1 | F34: 0.50583
... A109: n | B109: n | C109: I | D109: I | E109: 1 | F109: 0.559346
